sale_id,customer_id,item_name,quantity,unit_price,total_price,sale_date
1,168,Combo Set B,1,320,320,2026-08-01 00:00:00
2,32,Water,3,30,90,2026-08-01 01:00:00
3,165,Soda (L),3,80,240,2026-08-01 02:00:00
4,86,Popcorn Sweet,1,120,120,2026-08-01 03:00:00
5,98,Water,2,30,60,2026-08-01 04:00:00
6,91,Popcorn Sweet,2,120,240,2026-08-01 05:00:00
7,121,Soda (M),1,60,60,2026-08-01 06:00:00
8,188,Soda (L),2,80,160,2026-08-01 07:00:00
9,57,Combo Set A,2,250,500,2026-08-01 08:00:00
10,107,Water,1,30,30,2026-08-01 09:00:00
11,186,Popcorn Original,3,100,300,2026-08-01 10:00:00
12,195,Water,1,30,30,2026-08-01 11:00:00
13,22,Combo Set A,1,250,250,2026-08-01 12:00:00
14,186,Soda (M),1,60,60,2026-08-01 13:00:00
15,112,Popcorn Sweet,1,120,120,2026-08-01 14:00:00
16,85,Soda (M),1,60,60,2026-08-01 15:00:00
17,80,Popcorn Cheese,3,120,360,2026-08-01 16:00:00
18,73,Soda (L),2,80,160,2026-08-01 17:00:00
19,77,Popcorn Original,1,100,100,2026-08-01 18:00:00
20,74,Popcorn Sweet,3,120,360,2026-08-01 19:00:00
21,127,Soda (M),1,60,60,2026-08-01 20:00:00
22,177,Popcorn Original,3,100,300,2026-08-01 21:00:00
23,121,Soda (L),2,80,160,2026-08-01 22:00:00
24,85,Combo Set A,3,250,750,2026-08-01 23:00:00
25,177,Popcorn Original,3,100,300,2026-08-02 00:00:00
26,170,Soda (L),2,80,160,2026-08-02 01:00:00
27,168,Soda (L),2,80,160,2026-08-02 02:00:00
28,199,Soda (L),3,80,240,2026-08-02 03:00:00
29,174,Soda (M),1,60,60,2026-08-02 04:00:00
30,150,Combo Set A,1,250,250,2026-08-02 05:00:00
31,82,Soda (L),2,80,160,2026-08-02 06:00:00
32,21,Popcorn Original,1,100,100,2026-08-02 07:00:00
33,179,Combo Set A,2,250,500,2026-08-02 08:00:00
34,142,Popcorn Cheese,3,120,360,2026-08-02 09:00:00
35,74,Popcorn Original,3,100,300,2026-08-02 10:00:00
36,9,Soda (M),1,60,60,2026-08-02 11:00:00
37,146,Soda (L),2,80,160,2026-08-02 12:00:00
38,13,Combo Set B,1,320,320,2026-08-02 13:00:00
39,17,Combo Set A,1,250,250,2026-08-02 14:00:00
40,126,Popcorn Cheese,3,120,360,2026-08-02 15:00:00
41,87,Soda (M),1,60,60,2026-08-02 16:00:00
42,153,Popcorn Sweet,3,120,360,2026-08-02 17:00:00
43,182,Popcorn Sweet,2,120,240,2026-08-02 18:00:00
44,16,Combo Set B,1,320,320,2026-08-02 19:00:00
45,24,Combo Set B,3,320,960,2026-08-02 20:00:00
46,75,Popcorn Sweet,1,120,120,2026-08-02 21:00:00
47,151,Popcorn Cheese,2,120,240,2026-08-02 22:00:00
48,169,Combo Set A,1,250,250,2026-08-02 23:00:00
49,103,Popcorn Original,1,100,100,2026-08-03 00:00:00
50,86,Popcorn Cheese,3,120,360,2026-08-03 01:00:00
51,161,Combo Set B,2,320,640,2026-08-03 02:00:00
52,105,Combo Set A,2,250,500,2026-08-03 03:00:00
53,42,Popcorn Cheese,2,120,240,2026-08-03 04:00:00
54,176,Combo Set A,1,250,250,2026-08-03 05:00:00
55,18,Popcorn Cheese,3,120,360,2026-08-03 06:00:00
56,191,Popcorn Sweet,1,120,120,2026-08-03 07:00:00
57,78,Water,1,30,30,2026-08-03 08:00:00
58,92,Combo Set A,1,250,250,2026-08-03 09:00:00
59,11,Combo Set A,2,250,500,2026-08-03 10:00:00
60,152,Combo Set A,3,250,750,2026-08-03 11:00:00
61,189,Popcorn Original,2,100,200,2026-08-03 12:00:00
62,192,Water,1,30,30,2026-08-03 13:00:00
63,164,Water,1,30,30,2026-08-03 14:00:00
64,126,Popcorn Cheese,3,120,360,2026-08-03 15:00:00
65,97,Popcorn Original,2,100,200,2026-08-03 16:00:00
66,53,Water,1,30,30,2026-08-03 17:00:00
67,83,Soda (L),1,80,80,2026-08-03 18:00:00
68,47,Popcorn Cheese,3,120,360,2026-08-03 19:00:00
69,52,Popcorn Cheese,1,120,120,2026-08-03 20:00:00
70,57,Popcorn Cheese,2,120,240,2026-08-03 21:00:00
71,75,Soda (L),2,80,160,2026-08-03 22:00:00
72,151,Combo Set B,1,320,320,2026-08-03 23:00:00
73,59,Soda (L),1,80,80,2026-08-04 00:00:00
74,69,Popcorn Sweet,1,120,120,2026-08-04 01:00:00
75,184,Combo Set B,3,320,960,2026-08-04 02:00:00
76,86,Soda (M),3,60,180,2026-08-04 03:00:00
77,170,Popcorn Original,2,100,200,2026-08-04 04:00:00
78,146,Soda (M),2,60,120,2026-08-04 05:00:00
79,71,Popcorn Cheese,1,120,120,2026-08-04 06:00:00
80,33,Water,1,30,30,2026-08-04 07:00:00
81,3,Popcorn Cheese,1,120,120,2026-08-04 08:00:00
82,28,Water,3,30,90,2026-08-04 09:00:00
83,1,Popcorn Sweet,3,120,360,2026-08-04 10:00:00
84,126,Combo Set A,1,250,250,2026-08-04 11:00:00
85,191,Soda (M),1,60,60,2026-08-04 12:00:00
86,113,Combo Set A,2,250,500,2026-08-04 13:00:00
87,47,Combo Set A,3,250,750,2026-08-04 14:00:00
88,37,Popcorn Cheese,1,120,120,2026-08-04 15:00:00
89,86,Soda (M),3,60,180,2026-08-04 16:00:00
90,48,Combo Set B,1,320,320,2026-08-04 17:00:00
91,108,Combo Set B,1,320,320,2026-08-04 18:00:00
92,19,Popcorn Sweet,2,120,240,2026-08-04 19:00:00
93,142,Soda (M),2,60,120,2026-08-04 20:00:00
94,195,Water,2,30,60,2026-08-04 21:00:00
95,83,Popcorn Original,1,100,100,2026-08-04 22:00:00
96,65,Combo Set A,2,250,500,2026-08-04 23:00:00
97,26,Combo Set B,1,320,320,2026-08-05 00:00:00
98,138,Popcorn Sweet,3,120,360,2026-08-05 01:00:00
99,99,Soda (M),3,60,180,2026-08-05 02:00:00
100,77,Popcorn Cheese,1,120,120,2026-08-05 03:00:00
101,70,Soda (L),2,80,160,2026-08-05 04:00:00
102,43,Soda (L),2,80,160,2026-08-05 05:00:00
103,70,Popcorn Sweet,3,120,360,2026-08-05 06:00:00
104,200,Combo Set B,1,320,320,2026-08-05 07:00:00
105,59,Soda (L),1,80,80,2026-08-05 08:00:00
106,3,Combo Set B,1,320,320,2026-08-05 09:00:00
107,133,Popcorn Original,3,100,300,2026-08-05 10:00:00
108,85,Popcorn Sweet,3,120,360,2026-08-05 11:00:00
109,95,Popcorn Cheese,2,120,240,2026-08-05 12:00:00
110,78,Popcorn Cheese,1,120,120,2026-08-05 13:00:00
111,101,Popcorn Sweet,1,120,120,2026-08-05 14:00:00
112,83,Soda (L),1,80,80,2026-08-05 15:00:00
113,165,Soda (L),1,80,80,2026-08-05 16:00:00
114,84,Popcorn Cheese,3,120,360,2026-08-05 17:00:00
115,180,Popcorn Original,2,100,200,2026-08-05 18:00:00
116,194,Water,3,30,90,2026-08-05 19:00:00
117,121,Soda (L),2,80,160,2026-08-05 20:00:00
118,191,Popcorn Original,1,100,100,2026-08-05 21:00:00
119,135,Combo Set A,1,250,250,2026-08-05 22:00:00
120,53,Soda (L),1,80,80,2026-08-05 23:00:00
121,114,Water,1,30,30,2026-08-06 00:00:00
122,6,Popcorn Sweet,1,120,120,2026-08-06 01:00:00
123,135,Soda (M),3,60,180,2026-08-06 02:00:00
124,172,Popcorn Cheese,2,120,240,2026-08-06 03:00:00
125,18,Popcorn Sweet,3,120,360,2026-08-06 04:00:00
126,54,Soda (L),1,80,80,2026-08-06 05:00:00
127,127,Water,2,30,60,2026-08-06 06:00:00
128,157,Popcorn Cheese,2,120,240,2026-08-06 07:00:00
129,25,Soda (M),1,60,60,2026-08-06 08:00:00
130,63,Soda (M),2,60,120,2026-08-06 09:00:00
131,196,Water,3,30,90,2026-08-06 10:00:00
132,115,Water,3,30,90,2026-08-06 11:00:00
133,141,Soda (L),3,80,240,2026-08-06 12:00:00
134,160,Popcorn Cheese,3,120,360,2026-08-06 13:00:00
135,155,Combo Set A,2,250,500,2026-08-06 14:00:00
136,51,Combo Set A,3,250,750,2026-08-06 15:00:00
137,162,Combo Set B,2,320,640,2026-08-06 16:00:00
138,28,Soda (L),1,80,80,2026-08-06 17:00:00
139,73,Soda (M),3,60,180,2026-08-06 18:00:00
140,72,Popcorn Sweet,1,120,120,2026-08-06 19:00:00
141,85,Popcorn Sweet,3,120,360,2026-08-06 20:00:00
142,110,Popcorn Original,1,100,100,2026-08-06 21:00:00
143,30,Soda (M),1,60,60,2026-08-06 22:00:00
144,9,Combo Set A,1,250,250,2026-08-06 23:00:00
145,141,Combo Set A,1,250,250,2026-08-07 00:00:00
146,82,Soda (M),1,60,60,2026-08-07 01:00:00
147,64,Soda (L),2,80,160,2026-08-07 02:00:00
148,38,Popcorn Original,2,100,200,2026-08-07 03:00:00
149,119,Combo Set B,3,320,960,2026-08-07 04:00:00
150,22,Water,2,30,60,2026-08-07 05:00:00
151,159,Popcorn Original,1,100,100,2026-08-07 06:00:00
152,99,Popcorn Cheese,2,120,240,2026-08-07 07:00:00
153,170,Soda (L),2,80,160,2026-08-07 08:00:00
154,190,Water,1,30,30,2026-08-07 09:00:00
155,106,Water,2,30,60,2026-08-07 10:00:00
156,64,Combo Set A,1,250,250,2026-08-07 11:00:00
157,9,Popcorn Sweet,2,120,240,2026-08-07 12:00:00
158,126,Popcorn Cheese,1,120,120,2026-08-07 13:00:00
159,95,Popcorn Original,3,100,300,2026-08-07 14:00:00
160,172,Popcorn Sweet,2,120,240,2026-08-07 15:00:00
161,191,Soda (M),3,60,180,2026-08-07 16:00:00
162,168,Soda (L),1,80,80,2026-08-07 17:00:00
163,88,Combo Set B,1,320,320,2026-08-07 18:00:00
164,169,Popcorn Original,3,100,300,2026-08-07 19:00:00
165,113,Soda (M),1,60,60,2026-08-07 20:00:00
166,72,Water,1,30,30,2026-08-07 21:00:00
167,50,Combo Set A,1,250,250,2026-08-07 22:00:00
168,148,Popcorn Original,1,100,100,2026-08-07 23:00:00
169,81,Popcorn Sweet,1,120,120,2026-08-08 00:00:00
170,198,Popcorn Cheese,1,120,120,2026-08-08 01:00:00
171,170,Popcorn Sweet,1,120,120,2026-08-08 02:00:00
172,33,Soda (L),1,80,80,2026-08-08 03:00:00
173,63,Combo Set A,3,250,750,2026-08-08 04:00:00
174,185,Soda (L),2,80,160,2026-08-08 05:00:00
175,193,Popcorn Original,1,100,100,2026-08-08 06:00:00
176,105,Popcorn Sweet,3,120,360,2026-08-08 07:00:00
177,180,Popcorn Cheese,1,120,120,2026-08-08 08:00:00
178,99,Water,2,30,60,2026-08-08 09:00:00
179,6,Soda (L),1,80,80,2026-08-08 10:00:00
180,135,Popcorn Cheese,3,120,360,2026-08-08 11:00:00
181,9,Soda (M),3,60,180,2026-08-08 12:00:00
182,101,Popcorn Original,2,100,200,2026-08-08 13:00:00
183,61,Popcorn Cheese,1,120,120,2026-08-08 14:00:00
184,162,Popcorn Original,3,100,300,2026-08-08 15:00:00
185,163,Soda (M),2,60,120,2026-08-08 16:00:00
186,99,Popcorn Cheese,2,120,240,2026-08-08 17:00:00
187,148,Combo Set A,1,250,250,2026-08-08 18:00:00
188,58,Popcorn Cheese,3,120,360,2026-08-08 19:00:00
189,60,Water,1,30,30,2026-08-08 20:00:00
190,182,Soda (M),1,60,60,2026-08-08 21:00:00
191,35,Combo Set B,1,320,320,2026-08-08 22:00:00
192,47,Combo Set A,3,250,750,2026-08-08 23:00:00
193,46,Combo Set A,2,250,500,2026-08-09 00:00:00
194,87,Popcorn Sweet,1,120,120,2026-08-09 01:00:00
195,4,Combo Set B,1,320,320,2026-08-09 02:00:00
196,10,Popcorn Cheese,3,120,360,2026-08-09 03:00:00
197,107,Water,1,30,30,2026-08-09 04:00:00
198,75,Popcorn Cheese,2,120,240,2026-08-09 05:00:00
199,40,Water,1,30,30,2026-08-09 06:00:00
200,127,Combo Set A,2,250,500,2026-08-09 07:00:00
201,183,Soda (L),1,80,80,2026-08-09 08:00:00
202,119,Combo Set A,1,250,250,2026-08-09 09:00:00
203,73,Popcorn Sweet,1,120,120,2026-08-09 10:00:00
204,40,Popcorn Cheese,2,120,240,2026-08-09 11:00:00
205,96,Combo Set B,1,320,320,2026-08-09 12:00:00
206,23,Soda (M),1,60,60,2026-08-09 13:00:00
207,143,Popcorn Original,1,100,100,2026-08-09 14:00:00
208,115,Soda (M),2,60,120,2026-08-09 15:00:00
209,116,Popcorn Sweet,1,120,120,2026-08-09 16:00:00
210,133,Soda (L),3,80,240,2026-08-09 17:00:00
211,168,Soda (L),2,80,160,2026-08-09 18:00:00
212,146,Soda (L),3,80,240,2026-08-09 19:00:00
213,21,Water,1,30,30,2026-08-09 20:00:00
214,3,Soda (M),2,60,120,2026-08-09 21:00:00
215,46,Combo Set B,2,320,640,2026-08-09 22:00:00
216,90,Popcorn Original,1,100,100,2026-08-09 23:00:00
217,79,Combo Set A,3,250,750,2026-08-10 00:00:00
218,127,Combo Set A,2,250,500,2026-08-10 01:00:00
219,53,Popcorn Original,2,100,200,2026-08-10 02:00:00
220,148,Combo Set A,2,250,500,2026-08-10 03:00:00
221,187,Water,2,30,60,2026-08-10 04:00:00
222,21,Popcorn Cheese,2,120,240,2026-08-10 05:00:00
223,90,Water,1,30,30,2026-08-10 06:00:00
224,113,Popcorn Original,2,100,200,2026-08-10 07:00:00
225,51,Popcorn Original,3,100,300,2026-08-10 08:00:00
226,153,Combo Set B,2,320,640,2026-08-10 09:00:00
227,68,Combo Set B,1,320,320,2026-08-10 10:00:00
228,116,Popcorn Cheese,1,120,120,2026-08-10 11:00:00
229,138,Soda (M),3,60,180,2026-08-10 12:00:00
230,195,Soda (M),2,60,120,2026-08-10 13:00:00
231,83,Popcorn Sweet,3,120,360,2026-08-10 14:00:00
232,95,Combo Set B,3,320,960,2026-08-10 15:00:00
233,137,Soda (M),3,60,180,2026-08-10 16:00:00
234,29,Soda (L),3,80,240,2026-08-10 17:00:00
235,165,Combo Set B,2,320,640,2026-08-10 18:00:00
236,110,Combo Set B,1,320,320,2026-08-10 19:00:00
237,71,Soda (L),1,80,80,2026-08-10 20:00:00
238,38,Combo Set B,2,320,640,2026-08-10 21:00:00
239,127,Combo Set B,3,320,960,2026-08-10 22:00:00
240,72,Popcorn Sweet,2,120,240,2026-08-10 23:00:00
241,59,Popcorn Original,3,100,300,2026-08-11 00:00:00
242,185,Combo Set B,3,320,960,2026-08-11 01:00:00
243,188,Popcorn Sweet,2,120,240,2026-08-11 02:00:00
244,28,Popcorn Cheese,2,120,240,2026-08-11 03:00:00
245,156,Popcorn Sweet,3,120,360,2026-08-11 04:00:00
246,46,Popcorn Sweet,3,120,360,2026-08-11 05:00:00
247,71,Water,3,30,90,2026-08-11 06:00:00
248,195,Soda (L),3,80,240,2026-08-11 07:00:00
249,183,Popcorn Cheese,2,120,240,2026-08-11 08:00:00
250,38,Water,1,30,30,2026-08-11 09:00:00
251,117,Popcorn Cheese,1,120,120,2026-08-11 10:00:00
252,108,Popcorn Sweet,3,120,360,2026-08-11 11:00:00
253,146,Combo Set B,1,320,320,2026-08-11 12:00:00
254,95,Water,1,30,30,2026-08-11 13:00:00
255,63,Water,1,30,30,2026-08-11 14:00:00
256,103,Popcorn Cheese,1,120,120,2026-08-11 15:00:00
257,5,Popcorn Cheese,1,120,120,2026-08-11 16:00:00
258,172,Soda (M),1,60,60,2026-08-11 17:00:00
259,157,Combo Set A,3,250,750,2026-08-11 18:00:00
260,107,Popcorn Cheese,3,120,360,2026-08-11 19:00:00
261,142,Water,3,30,90,2026-08-11 20:00:00
262,58,Popcorn Original,2,100,200,2026-08-11 21:00:00
263,172,Popcorn Cheese,1,120,120,2026-08-11 22:00:00
264,146,Soda (L),1,80,80,2026-08-11 23:00:00
265,7,Soda (M),2,60,120,2026-08-12 00:00:00
266,87,Soda (L),1,80,80,2026-08-12 01:00:00
267,97,Combo Set A,3,250,750,2026-08-12 02:00:00
268,190,Soda (L),3,80,240,2026-08-12 03:00:00
269,45,Popcorn Original,2,100,200,2026-08-12 04:00:00
270,16,Combo Set B,3,320,960,2026-08-12 05:00:00
271,64,Soda (M),2,60,120,2026-08-12 06:00:00
272,37,Combo Set A,3,250,750,2026-08-12 07:00:00
273,153,Popcorn Sweet,1,120,120,2026-08-12 08:00:00
274,9,Water,3,30,90,2026-08-12 09:00:00
275,183,Water,2,30,60,2026-08-12 10:00:00
276,156,Popcorn Cheese,1,120,120,2026-08-12 11:00:00
277,137,Water,2,30,60,2026-08-12 12:00:00
278,140,Popcorn Original,1,100,100,2026-08-12 13:00:00
279,146,Water,1,30,30,2026-08-12 14:00:00
280,90,Popcorn Original,3,100,300,2026-08-12 15:00:00
281,184,Popcorn Sweet,3,120,360,2026-08-12 16:00:00
282,74,Combo Set B,1,320,320,2026-08-12 17:00:00
283,186,Popcorn Original,3,100,300,2026-08-12 18:00:00
284,125,Popcorn Sweet,3,120,360,2026-08-12 19:00:00
285,51,Popcorn Sweet,2,120,240,2026-08-12 20:00:00
286,32,Popcorn Sweet,3,120,360,2026-08-12 21:00:00
287,88,Popcorn Original,1,100,100,2026-08-12 22:00:00
288,176,Combo Set A,3,250,750,2026-08-12 23:00:00
289,136,Popcorn Sweet,1,120,120,2026-08-13 00:00:00
290,158,Combo Set B,1,320,320,2026-08-13 01:00:00
291,26,Combo Set A,2,250,500,2026-08-13 02:00:00
292,152,Popcorn Original,1,100,100,2026-08-13 03:00:00
293,155,Combo Set B,1,320,320,2026-08-13 04:00:00
294,167,Soda (M),2,60,120,2026-08-13 05:00:00
295,66,Combo Set B,1,320,320,2026-08-13 06:00:00
296,179,Popcorn Sweet,2,120,240,2026-08-13 07:00:00
297,73,Popcorn Original,1,100,100,2026-08-13 08:00:00
298,50,Popcorn Original,3,100,300,2026-08-13 09:00:00
299,45,Combo Set A,2,250,500,2026-08-13 10:00:00
300,87,Popcorn Original,2,100,200,2026-08-13 11:00:00
