customer_id,first_name,last_name,email,member_tier
1,James,Anderson,user1@example.com,Platinum
2,Emily,Johnson,user2@example.com,Silver
3,Michael,Smith,user3@example.com,Silver
4,Olivia,Brown,user4@example.com,Gold
5,William,Davis,user5@example.com,Platinum
6,Sophia,Wilson,user6@example.com,Platinum
7,Benjamin,Miller,user7@example.com,Gold
8,Ava,Moore,user8@example.com,Platinum
9,Daniel,Taylor,user9@example.com,Platinum
10,Isabella,Thomas,user10@example.com,Silver
11,Alexander,Jackson,user11@example.com,Platinum
12,Mia,White,user12@example.com,Platinum
13,Ethan,Harris,user13@example.com,Gold
14,Charlotte,Martin,user14@example.com,Gold
15,Matthew,Thompson,user15@example.com,Silver
16,Amelia,Garcia,user16@example.com,Platinum
17,Henry,Martinez,user17@example.com,Platinum
18,Harper,Robinson,user18@example.com,Platinum
19,Sebastian,Clark,user19@example.com,Silver
20,Evelyn,Rodriguez,user20@example.com,Silver
21,Jack,Lewis,user21@example.com,Gold
22,Abigail,Lee,user22@example.com,Silver
23,Samuel,Walker,user23@example.com,Platinum
24,Ella,Hall,user24@example.com,Platinum
25,David,Allen,user25@example.com,Silver
26,Scarlett,Young,user26@example.com,Platinum
27,Joseph,Hernandez,user27@example.com,Platinum
28,Grace,King,user28@example.com,Silver
29,Owen,Wright,user29@example.com,Silver
30,Chloe,Lopez,user30@example.com,Platinum
31,John,Hill,user31@example.com,Platinum
32,Victoria,Scott,user32@example.com,Platinum
33,Luke,Green,user33@example.com,Gold
34,Lily,Adams,user34@example.com,Gold
35,Gabriel,Baker,user35@example.com,Gold
36,Hannah,Gonzalez,user36@example.com,Silver
37,Anthony,Nelson,user37@example.com,Gold
38,Zoey,Carter,user38@example.com,Silver
39,Isaac,Mitchell,user39@example.com,Silver
40,Nora,Perez,user40@example.com,Gold
41,Dylan,Roberts,user41@example.com,Gold
42,Layla,Turner,user42@example.com,Gold
43,Leo,Phillips,user43@example.com,Platinum
44,Ellie,Campbell,user44@example.com,Gold
45,Julian,Parker,user45@example.com,Platinum
46,Stella,Evans,user46@example.com,Silver
47,Lincoln,Edwards,user47@example.com,Platinum
48,Lucy,Collins,user48@example.com,Gold
49,Christopher,Stewart,user49@example.com,Silver
50,Aurora,Sanchez,user50@example.com,Silver
51,Joshua,Morris,user51@example.com,Silver
52,Natalie,Rogers,user52@example.com,Platinum
53,Andrew,Reed,user53@example.com,Gold
54,Emilia,Cook,user54@example.com,Silver
55,Theodore,Morgan,user55@example.com,Silver
56,Aria,Bell,user56@example.com,Silver
57,Caleb,Murphy,user57@example.com,Platinum
58,Hazel,Bailey,user58@example.com,Platinum
59,Ryan,Rivera,user59@example.com,Gold
60,Violet,Cooper,user60@example.com,Platinum
61,Nathan,Richardson,user61@example.com,Silver
62,Penelope,Cox,user62@example.com,Gold
63,Thomas,Howard,user63@example.com,Silver
64,Eleanor,Ward,user64@example.com,Silver
65,Charles,Torres,user65@example.com,Platinum
66,Elizabeth,Peterson,user66@example.com,Gold
67,Isaiah,Gray,user67@example.com,Platinum
68,Luna,Ramirez,user68@example.com,Platinum
69,Adrian,James,user69@example.com,Gold
70,Savannah,Watson,user70@example.com,Silver
71,Christian,Brooks,user71@example.com,Silver
72,Audrey,Kelly,user72@example.com,Gold
73,Jonathan,Sanders,user73@example.com,Silver
74,Brooklyn,Price,user74@example.com,Gold
75,Connor,Bennett,user75@example.com,Gold
76,Bella,Wood,user76@example.com,Platinum
77,Aaron,Barnes,user77@example.com,Gold
78,Claire,Ross,user78@example.com,Platinum
79,Cameron,Henderson,user79@example.com,Silver
80,Skylar,Coleman,user80@example.com,Silver
81,Jeremiah,Jenkins,user81@example.com,Silver
82,Paisley,Perry,user82@example.com,Silver
83,Eli,Powell,user83@example.com,Platinum
84,Everly,Long,user84@example.com,Silver
85,Nolan,Patterson,user85@example.com,Gold
86,Anna,Hughes,user86@example.com,Gold
87,Nicholas,Flores,user87@example.com,Gold
88,Caroline,Washington,user88@example.com,Platinum
89,Ezra,Butler,user89@example.com,Silver
90,Nova,Simmons,user90@example.com,Silver
91,Hudson,Foster,user91@example.com,Silver
92,Genesis,Gonzales,user92@example.com,Platinum
93,Thomas,Bryant,user93@example.com,Gold
94,Maya,Alexander,user94@example.com,Gold
95,Charles,Russell,user95@example.com,Silver
96,Allison,Griffin,user96@example.com,Gold
97,Jaxon,Diaz,user97@example.com,Gold
98,Madelyn,Hayes,user98@example.com,Platinum
99,Cooper,Myers,user99@example.com,Platinum
100,Sophie,Ford,user100@example.com,Platinum
101,Lincoln,Hamilton,user101@example.com,Platinum
102,Alice,Graham,user102@example.com,Silver
103,Miles,Sullivan,user103@example.com,Platinum
104,Ruby,Wallace,user104@example.com,Gold
105,Christopher,Woods,user105@example.com,Silver
106,Eva,Cole,user106@example.com,Gold
107,Nathaniel,West,user107@example.com,Gold
108,Serenity,Jordan,user108@example.com,Gold
109,Asher,Owens,user109@example.com,Platinum
110,Willow,Reynolds,user110@example.com,Platinum
111,Cameron,Fisher,user111@example.com,Silver
112,Naomi,Ellis,user112@example.com,Silver
113,Easton,Harrison,user113@example.com,Platinum
114,Eliana,Gibson,user114@example.com,Gold
115,Wesley,McDonald,user115@example.com,Silver
116,Cora,Cruz,user116@example.com,Platinum
117,Andrew,Marshall,user117@example.com,Platinum
118,Vivian,Ortiz,user118@example.com,Platinum
119,Colton,Gomez,user119@example.com,Gold
120,Clara,Murray,user120@example.com,Platinum
121,Mateo,Freeman,user121@example.com,Platinum
122,Everleigh,Wells,user122@example.com,Platinum
123,Jameson,Webb,user123@example.com,Platinum
124,Melanie,Simpson,user124@example.com,Silver
125,Roman,Stevens,user125@example.com,Silver
126,Madeline,Tucker,user126@example.com,Platinum
127,Axel,Porter,user127@example.com,Gold
128,Nevaeh,Hunter,user128@example.com,Silver
129,Greyson,Hicks,user129@example.com,Platinum
130,Sadie,Crawford,user130@example.com,Silver
131,Sawyer,Henry,user131@example.com,Silver
132,Lyla,Boyd,user132@example.com,Gold
133,Declan,Mason,user133@example.com,Platinum
134,Julia,Morales,user134@example.com,Platinum
135,Weston,Kennedy,user135@example.com,Gold
136,Piper,Warren,user136@example.com,Gold
137,Kai,Dixon,user137@example.com,Platinum
138,Lydia,Ramos,user138@example.com,Platinum
139,Silas,Reyes,user139@example.com,Gold
140,Josephine,Burns,user140@example.com,Silver
141,Bennett,Gordon,user141@example.com,Silver
142,Delilah,Shaw,user142@example.com,Gold
143,Waylon,Holmes,user143@example.com,Silver
144,Rose,Rice,user144@example.com,Gold
145,Beau,Robertson,user145@example.com,Silver
146,Eloise,Hunt,user146@example.com,Silver
147,Parker,Black,user147@example.com,Platinum
148,Jade,Daniels,user148@example.com,Platinum
149,Miles,Palmer,user149@example.com,Silver
150,Iris,Mills,user150@example.com,Silver
151,Carson,Nichols,user151@example.com,Platinum
152,Eliza,Grant,user152@example.com,Platinum
153,Adam,Knight,user153@example.com,Platinum
154,Athena,Ferguson,user154@example.com,Gold
155,Xavier,Rose,user155@example.com,Silver
156,Maria,Stone,user156@example.com,Platinum
157,Jace,Hawkins,user157@example.com,Silver
158,Valerie,Dunn,user158@example.com,Gold
159,Everett,Perkins,user159@example.com,Gold
160,Melanie,Hudson,user160@example.com,Platinum
161,Finn,Spencer,user161@example.com,Gold
162,Reagan,Gardner,user162@example.com,Silver
163,Grey,Stephens,user163@example.com,Platinum
164,Eliana,Payne,user164@example.com,Silver
165,Maxwell,Pierce,user165@example.com,Silver
166,Alice,Berry,user166@example.com,Gold
167,Kingston,Matthews,user167@example.com,Gold
168,Eden,Arnold,user168@example.com,Gold
169,Jonah,Wagner,user169@example.com,Gold
170,Jasmine,Willis,user170@example.com,Gold
171,Leo,Ray,user171@example.com,Platinum
172,Arianna,Watkins,user172@example.com,Silver
173,Jude,Olson,user173@example.com,Silver
174,Vivian,Carroll,user174@example.com,Silver
175,Lincoln,Duncan,user175@example.com,Silver
176,Natalia,Snyder,user176@example.com,Gold
177,Jason,Hart,user177@example.com,Silver
178,Rose,Cunningham,user178@example.com,Platinum
179,Dominic,Bradley,user179@example.com,Platinum
180,Faith,Lane,user180@example.com,Silver
181,Ian,Andrews,user181@example.com,Silver
182,Alexandra,Ruiz,user182@example.com,Platinum
183,Rowan,Harper,user183@example.com,Platinum
184,Margaret,Fox,user184@example.com,Gold
185,Carson,Riley,user185@example.com,Platinum
186,Katherine,Armstrong,user186@example.com,Gold
187,Vincent,Carpenter,user187@example.com,Gold
188,Mary,Weaver,user188@example.com,Gold
189,Emmett,Greene,user189@example.com,Gold
190,Isabelle,Lawrence,user190@example.com,Gold
191,Harrison,Elliott,user191@example.com,Silver
192,Cecilia,Chavez,user192@example.com,Platinum
193,August,Sims,user193@example.com,Gold
194,Daisy,Austin,user194@example.com,Platinum
195,Giovanni,Peters,user195@example.com,Platinum
196,Eliza,Kelley,user196@example.com,Gold
197,Parker,Franklin,user197@example.com,Silver
198,Sarah,Lawson,user198@example.com,Gold
199,Maxwell,Fields,user199@example.com,Silver
200,Rachel,Gutierrez,user200@example.com,Platinum
